{"cameraMode":{"drawMode":0,"name":"Shaded","section":"Shading Mode"},"sceneLighting":true,"audioPlay":false,"sceneViewState":{"showFog":true,"showMaterialUpdate":false,"showSkybox":true,"showFlares":true,"showImageEffects":true,"showParticleSystems":true},"in2DMode":false,"pivot":{"x":0.8141003251075745,"y":-6.248301029205322,"z":2.19169282913208},"rotation":{"x":0.504513680934906,"y":0.014244860038161278,"z":-0.008325235918164254,"w":0.8632460236549377},"size":15.542710304260254,"orthographic":false}